City,
AACHEN,
ABERDEEN,
ABINGDON,
AESCH,
AHMEDABAD,
AJIVALI,
AKBARPUR,
ALACHUA,
ALAMEDA,
ALDERLEY EDGE,
ALISO VIEJO,
ALKMAAR,
ALLSCHWIL,
ALSACE,
AM SANDTORKAI,
AMBALA,
AMBALPADY,
AMBARNATH,
AMSTERDAM,
ANAKAPALLI,
ANAND,
ANEKAL,
ANKLESHWAR,
ANNANAGAR WEST,
ARLINGTON,
ASSENS,
ATLANTA,
AUBREY CT,
AUCKLAND,
AURANGABAD,
AVIGNON,
AZADPUR,
BAGALKOTE,
BAHADURGARH,
BAIKAMPADY,
BALL GROUND,
BALLABGARG,
BALLARI,
BALLYNAHINCH,
BALTIMORE,
BANASKANTHA,
BANGKOK,
BANTWAL,
BAR HARBOR,
BARCELONA,
BAREILLY,
BEAVERTON,
BEGAMPET,
BELAGAVI,
BELAPU,
BELFAST,
BELLEVU,
BENGALURU,
BENTLEY,
BERKELEY,
BERLIN,
BETHESDA,
BHARUCH,
BHAYLI,
BHIWANDI,
BHIWANDI THANE,
BHUBANESHWAR,
BIBINAGAR,
BIDAR,
BIRSFELDEN,
BOISAR,
BOLOGNA,
BOMNAHALLI,
BONADUZ,
BOONLAY WAY,
BOOTHWYN,
BOREHAMWOOD,
BRAINTREE,
BRASILIA,
BRAUNSCHWEIG,
BREITENBACHSTR,
BREMEN,
BRENTFORD,
BRIDGEWATER,
BRIGHTON,
BRISTOL,
BRUNSWICK,
BUBENDORF,
BURLINGAME,
BURR RIDGE,
CA,
CALIFORNIA,
CAMBRIDGE,
CAMDEN,
CAMELFORD,
CANADA,
CARLSBAD,
CARY,
CASTELFRANCO VENETO (TV),
CHANDIGARH,
CHENGDU,
CHENNAI,
CHERLAPALLY,
CHICAGO,
CHIKKABALLAPUR,
CHILIMBI,
CHONGQUING,
CHŪŌ CITY,
CINCINNATI,
COIMBATORE,
COLCHESTER,
COLORADO,
COLUMBUS,
COMO,
COPENHAGEN N,
CORNING,
COTTONWOOD DRIVE,
CRANS,
CUDDALORE,
DADRA AND NAGAR HAVELI,
DAKSHINA KANNADA,
DANVERS,
DARESBURY WARRINGTON,
DELHI,
DERIO,
DES PLAINES,
DEWAS,
DEYANG,
DHAR,
DIJON,
DOLNÍ DOBROU,
DOMBIVLI,
DOYLESTOWN,
DUBAI,
DUBLIN,
DUNEDIN,
DUTCH,
EAST OF KAILASH,
EBSDORFERGRUND,
ECIL POST,
EK AMSTERDAM,
ELKTON,
ERNAKULAM,
ERODE,
ESTILL,
ETTLINGEN,
EUREKA,
EVANS CITY,
EXTON,
FAIRFIELD,
FAIRLESS HILLS,
FALLANDEN,
FARIDABAD,
FARNHAM,
FERRARA,
FLANDERS,
FLAWIL,
FRAMINGHAM,
FRANCE,
FRANKFURT,
FREIBURG,
FREMONT,
FRISCO,
GALESBURG,
GANDHIDHAM,
GANDHINAGAR,
GANGWON-DO,
GARNER,
GEWERBEPARK,
GHATKOPAR EAST,
GHAZIABAD,
GLASGOW,
GLENVIEW,
GODALMING,
GOTTINGEN,
GRAND RAPIDS,
GRANVILLE,
GREATER NOIDA,
GREENWOOD,
GREIFENSEE,
GRÜNDAU ,
GUELPH,
GULBARGA,
GUMMIDIPOONDI,
GUNTUR,
GURGAON,
HACKETTSTOWN,
HAMBURG,
HAMILTON,
HANGZHOU,
HAPPY VALLEY,
HARELBEKE,
HARLEYSVILLE,
HATFIELD,
HAVERI,
HAYWARD,
HEEMSTEDE,
HEIDELBERG,
HENGAVALLI,
HENNINGSDORF,
HERISAU,
HERMITAGE,
HERTFORDSHIRE,
HIGASHIOSAKA,
HILDEN,
HINDUPUR,
HOBOKEN,
HOERSHOLM,
HOLLAND,
HOLLISTER,
HOLLISTON,
HONG KONG,
HORS-FRANCE,
HOSUR,
HUNGARY,
HYDERABAD,
IBARAKI,
INCHEON,
INDIANAPOLIS,
INDORE,
INGELFINGEN,
IRINJALAKUDA,
ISNAPUR,
JACKSONVILLE,
JALGAON,
JAMAICA,
JEEDIMETLA,
JENA,
JERUSELAM,
JHONSON,
JIANGSU,
JIANGYIN,
JIAXING,
JIGANI,
JINAN,
JODHPUR,
KALAMAZOO,
KALANBOLI,
KALAVAR,
KALLANG WAY,
KALYAN,
KANAKAPURA,
KANCHIPURAM,
KANKANADY,
KANNUR,
KANSAS CITY,
KAVOOR,
KENT,
KHERDI,
KIDLINGTON,
KIRRAWEE DC,
KOCHI,
KOLAR,
KOLKATA,
KOTTAYAM,
KOZHIKODE,
KRISHNAGIRI,
KUKATPALLY,
KUMARAMANGALAM,
KUNDLI,
KURULI,
LAINATE (MILANO),
LAKE SUCCESS,
LALAMKODURU,
LANARKSHIRE,
LANGAEULISTRASSE,
LAS VEGAS,
LATVIA,
LAUDA KONIGSHOFEN,
LAVAL,
LAWRENCE,
LECCO,
LEEDS,
LELYSTAD,
LESMAHAGOW,
LEVITTOWN,
LEWIS,
LEWISVILLE,
LEXINGTON,
LIESTAL,
LINCOLN,
LITLINGTON,
LITTAU-LUCERNE,
LITTLETON,
LIVERMORE,
LONDON,
LOUISVILLE,
LUBBOCK,
LUCKNOW,
LUDHIANA,
MAASHESEWEG ,
MADHAPUR,
MADHAVARAM,
MADISON WI,
MADURAI,
MAHALUNGE CHAKAN,
MAHBUBNAGAR,
MAINE,
MALA,
MALKAJGIRI,
MALLAPUR,
MALLESWARAM,
MALMOE,
MALUR,
MALVERN,
MANDI,
MANDYA,
MANGALURU,
MANNHEIM,
MAPUSA,
MARATHALLI POST,
MARGARETHENSTRASSE,
MARGATE,
MARIKUPPAM,
MARKTREDWITZ,
MARSEILLE,
MARYLAND,
MATTHEWS,
MAURITIUS,
MAYENNE,
MEDAK,
MEDCHAL,
MEDCHAL MALKAJGIRI,
MEHSANA,
MELBOURNE,
METTUR,
MIDDELSEX,
MIDDLEWICH,
MILTON KEYNES,
MINATO-KU,
MINNEAPOLIS,
MISSISSAUGA CONCORD ON,
MONMOUTH,
MONTVALE,
MOODBIDRI,
MORRIS PLAINS,
MORRISVILLE,
MORTON GROVE,
MOUNT JACKSON,
MOUNTAIN VIEW,
MOUNTAUDRAN,
MUENCHEN,
MULKY,
MUMBAI,
MUNCHENSTEIN,
MUNICH,
MYSORE,
NAGPUR,
NALGONDA,
NANJING,
NASHIK,
NAVI MUMBAI,
NEEDHAM,
NEW CASTLE,
NEW DELHI,
NEW TAIPEI,
NEW YORK,
NEWARK,
NEWBURYPORT,
NEWTOWN,
NILES,
NINGBO,
NOIDA,
NORCROSS,
NORD,
NORDRHEIN WESTFALEN,
NORTH YORK,
NORTHRIDGE,
NORTHUMBERLAND,
NORWICH,
NOTTINGHAM,
OFFENBURG,
OGAKI,
OJHAR,
ONTARIO,
OSTERODE AM HARZ,
OTTAWA,
OXFORDSHIRE,
PADIVATTOM,
PADUA,
PALAMANER,
PALATINE,
PALGHAR,
PALM DESERT,
PALO ALTO,
PANCHAKULA,
PARIS,
PATANCHERUVU,
PATNA,
PATTAMBI,
PAVIA,
PELHAM,
PEORIA,
PERUNGUDI,
PHILADELPHIA,
PINJORE,
PIPERSVILLE,
PISCATAWAY,
PITTSBURGH,
PLANO,
PLEASANT PRAIRIE,
PLYMOUTH MEETING,
PORTLAND,
PORUR,
POWAI,
PRAGATHI NAGAR,
PRINCETON,
PUDUCHERRY,
PUNE,
PUNJAB,
PUTHOOR,
QUEBEC,
RADNOR,
RADOLFZELL-STAHRINGEN,
RAHWAY NJ,
RAIGAD,
RAIPUR,
RAJAHMUNDRY,
RAJAJI NAGAR,
RAJASTHAN,
RAJKOT,
RAMACHANDRAPURAN,
RAMAMURTHY NAGAR,
RAMANAGARA,
RAMPUR,
RANGA REDDY,
RAS AL KHAIMAH,
RATNAGIRI,
REDMOND,
REDWOOD CITY,
RENFREWSHIRE,
REPUBLIC OF KOREA,
REWARI,
RIGA,
RISHIKESH,
ROCHELLE PARK,
ROCHESTER,
ROCKVILLE,
RODGAU,
ROHTAK,
RUNCORN,
RUTESHEIM,
SAINIKPURI,
SAINT PAUL,
SALEM,
SAMBA,
SAN ANTONIO,
SAN DIEGO,
SAN FRANCISCO,
SAN JOSE,
SANDBACH,
SANGAREDDY,
SANTA ANA,
SANTA BARBARA,
SANTA CLARA,
SANTA MONICA,
SANTIAGO DE COMPOSTELA,
SARANAC LAKE,
SARASOTA,
SATANA,
SATARA,
SAXONY,
SBS NAGAR,
SCHAUMBURG,
SCHWABACH,
SCOTCH PLAINS,
SECUNDERABAD,
SECUNDRABAD,
SEELBACH,
SELB,
SENS,
SEOUL,
SHANGHAI,
SHENZHEN,
SHEUNG WAN,
SHIMLA,
SHIRLEY,
SHIVAJINAGAR,
SHOOLAGIRI,
SIKANDRABAD,
SILVASSA,
SINGAPERUMAL KOIL,
SINGAPORE,
SIRPURA,
SITHALAPAKKAM,
SOLAN,
SOLANA BEACH,
SOLINGEN,
SOUTH SAN FRANCISCO,
SOUTH WALES,
SRI CITY,
SRIPERUMBUDUR,
ST LOUIS,
STAAD,
STAFFORDSHIRE,
STAMFORD,
STEINHAUSEN,
STERLING,
STOCKPORT,
STRASBOURG,
SUDDAGUNTE PALYA,
SURAT,
SURATHKAL,
SURREY,
SUZHOU,
SWEDEN,
SWEDESBORO,
SWITZERLAND,
SYDNEY,
TALOJA,
TARDISSTRASSE ,
TEWKSBURY,
THANE,
THE WOODLANDS,
THIRUPURAM,
THOKATTA,
THOMTON,
THORNTON,
THRISSUR,
THUNDRIDGE,
TIANJIN,
TIPTUR,
TIRUVALLUR,
TOKYO,
TORONTO,
TORRANCE,
TRAVAGLIATO,
TUCSON,
TUMAKURU,
TUMKUR,
TURUKU,
UDAIPUR,
UDUPI,
UJJAIN,
UKRAINE,
ULLALU UPANAGAR,
UMARSADI,
UPSALA,
USMATE (MB),
USTER,
UTAH,
UTANGARAI,
VADODARA,
VAIBHAVWADI,
VALSAD,
VAN DYKE AVE,
VANCOUVER,
VAPI,
VARCA,
VARESE,
VASAI,
VASAI (E),
VASANTH NAGAR,
VASHI,
VELLORE,
VERNA,
VERNIER,
VERSOVA,
VIJAYAPURA,
VIJAYAWADA,
VINELAND,
VIRAR,
VIRGINIA,
VISAKHAPATNAM,
VISTA,
VIZIANAGARAM,
WALTHAM,
WAN CHAI HONG KONG,
WARMINSTER,
WARRINGTON,
WARWICKSHIRE,
WASHINGTON,
WAUKEGAN,
WAVRE,
WAYNE,
WERTHEIM,
WEST CHESTER,
WEST LAFAYETTE,
WEST TAMBARAM,
WEST YORKSHIRE,
WESTBROOK,
WESTBURY,
WILLSTÄTT,
WILMINGTON,
WITHAM,
WITTERSWIL,
WODZISŁAW ŚLĄSKI ,
WOLFEBORO,
WOOD DALE,
WOODLAND HILLS,
WORCESTER,
WUZHONG,
XINXIANG,
YANAKA,
YARDLEY,
YASHWANTHPUR,
YELAHANKA,
YESHWANTHPUR BANGALORE,
YEYYADI,
YISHUN,
YODOYABASHI SQUARE,
YORK,
YORKSHIRE,
ZHANGJIAGANG,
ZUID-HOLLAND,
ZURICH,
ZUZUVADI